FAILED,<module 'time' (built-in)>,ts_15,g132d13c46de7473,http://gme.enroll.gme-plus.nrgpl.us/?product_id=g132d13c46de7473,il
FAILED,<module 'time' (built-in)>,ts_16,g132d13c46de7473,http://gme.enroll.gme-plus.nrgpl.us/?product_id=g132d13c46de7473,il
FAILED,<module 'time' (built-in)>,ts_18,g1639eeb0379248e,http://gme.enroll.gme-plus.nrgpl.us/?product_id=g1639eeb0379248e,ma
FAILED,<module 'time' (built-in)>,ts_100,g74370d77edb958f,http://gme.enroll.gme-plus.nrgpl.us/?product_id=g74370d77edb958f,ny
FAILED,<module 'time' (built-in)>,ts_101,g74f2e277f0da48f,http://gme.enroll.gme-plus.nrgpl.us/?product_id=g74f2e277f0da48f,pa
FAILED,<module 'time' (built-in)>,ts_102,g74f2e277f0da48f,http://gme.enroll.gme-plus.nrgpl.us/?product_id=g74f2e277f0da48f,pa
FAILED,<module 'time' (built-in)>,ts_103,g76eadab3dc84520,http://gme.enroll.gme-plus.nrgpl.us/?product_id=g76eadab3dc84520,nj
FAILED,<module 'time' (built-in)>,ts_168,gc0ffcbc2558eeb2,http://gme.enroll.gme-plus.nrgpl.us/?product_id=gc0ffcbc2558eeb2,ma
FAILED,<module 'time' (built-in)>,ts_169,gc175bdcea5620ad,http://gme.enroll.gme-plus.nrgpl.us/?product_id=gc175bdcea5620ad,pa
FAILED,<module 'time' (built-in)>,ts_169,gc175bdcea5620ad,http://gme.enroll.gme-plus.nrgpl.us/?product_id=gc175bdcea5620ad,pa
FAILED,<module 'time' (built-in)>,ts_170,gc175bdcea5620ad,http://gme.enroll.gme-plus.nrgpl.us/?product_id=gc175bdcea5620ad,pa
FAILED,<module 'time' (built-in)>,ts_171,gc25b92975f0dc97,http://gme.enroll.gme-plus.nrgpl.us/?product_id=gc25b92975f0dc97,ma
FAILED,<module 'time' (built-in)>,ts_190,gdb048c4b6d273e9,http://gme.enroll.gme-plus.nrgpl.us/?product_id=gdb048c4b6d273e9,ny
FAILED,<module 'time' (built-in)>,ts_214,g08814fc767b398d,http://gme.enroll.gme-plus.nrgpl.us/?product_id=g08814fc767b398d,md
FAILED,<module 'time' (built-in)>,ts_217,gcf5cca78ab18177,http://gme.enroll.gme-plus.nrgpl.us/?product_id=gcf5cca78ab18177,ma
FAILED,<module 'time' (built-in)>,ts_219,g727337e4bc33c7b,http://gme.enroll.gme-plus.nrgpl.us/?product_id=g727337e4bc33c7b,md
FAILED,<module 'time' (built-in)>,ts_222,gc027df45d7b86b9,http://gme.enroll.gme-plus.nrgpl.us/?product_id=gc027df45d7b86b9,md
FAILED,<module 'time' (built-in)>,ts_225,gc25b92975f0dc97,http://gme.enroll.gme-plus.nrgpl.us/?product_id=gc25b92975f0dc97,ma
FAILED,<module 'time' (built-in)>,ts_178,gce538106da22036,http://gme.enroll.gme-plus.nrgpl.us/?product_id=gce538106da22036,il
FAILED,<module 'time' (built-in)>,ts_186,gd6f23afc4c9bdeb,http://gme.enroll.gme-plus.nrgpl.us/?product_id=gd6f23afc4c9bdeb,ny
FAILED,<module 'time' (built-in)>,ts_192,ge04161be4ab5997,http://gme.enroll.gme-plus.nrgpl.us/?product_id=ge04161be4ab5997,pa
FAILED,<module 'time' (built-in)>,ts_207,gfbf5efa5c066784,http://gme.enroll.gme-plus.nrgpl.us/?product_id=gfbf5efa5c066784,ma
FAILED,<module 'time' (built-in)>,ts_213,g03408ca6381de99,http://gme.enroll.gme-plus.nrgpl.us/?product_id=g03408ca6381de99,md
FAILED,<module 'time' (built-in)>,ts_215,g60baa8b8f77e084,http://gme.enroll.gme-plus.nrgpl.us/?product_id=g60baa8b8f77e084,ma
FAILED,<module 'time' (built-in)>,ts_218,g3aceddb6123c21f,http://gme.enroll.gme-plus.nrgpl.us/?product_id=g3aceddb6123c21f,md
FAILED,<module 'time' (built-in)>,ts_221,gbd2cc125c6f6e61,http://gme.enroll.gme-plus.nrgpl.us/?product_id=gbd2cc125c6f6e61,md
FAILED,<module 'time' (built-in)>,ts_223,g2af2aaca2250150,http://gme.enroll.gme-plus.nrgpl.us/?product_id=g2af2aaca2250150,ma
FAILED,<module 'time' (built-in)>,ts_227,g4c4f93f13da0897,http://gme.enroll.gme-plus.nrgpl.us/?product_id=g4c4f93f13da0897,ny
FAILED,<module 'time' (built-in)>,ts_230,g1639eeb0379248e,http://gme.enroll.gme-plus.nrgpl.us/?product_id=g1639eeb0379248e,ma
FAILED,<module 'time' (built-in)>,ts_233,g132d13c46de7473,http://gme.enroll.gme-plus.nrgpl.us/?product_id=g132d13c46de7473,il
FAILED,<module 'time' (built-in)>,ts_226,g40d7b9b923a8b51,http://gme.enroll.gme-plus.nrgpl.us/?product_id=g40d7b9b923a8b51,ny
FAILED,<module 'time' (built-in)>,ts_229,gd6f23afc4c9bdeb,http://gme.enroll.gme-plus.nrgpl.us/?product_id=gd6f23afc4c9bdeb,ny
FAILED,<module 'time' (built-in)>,ts_231,g35f6c2393a46774,http://gme.enroll.gme-plus.nrgpl.us/?product_id=g35f6c2393a46774,ma
FAILED,<module 'time' (built-in)>,ts_234,g402f79356122685,http://gme.enroll.gme-plus.nrgpl.us/?product_id=g402f79356122685,il
FAILED,<module 'time' (built-in)>,ts_229,gd6f23afc4c9bdeb,http://gme.enroll.gme-plus.nrgpl.us/?product_id=gd6f23afc4c9bdeb,ny
FAILED,<module 'time' (built-in)>,ts_213,g03408ca6381de99,http://gme.enroll.gme-plus.nrgpl.us/?product_id=g03408ca6381de99,md
FAILED,<module 'time' (built-in)>,ts_214,g08814fc767b398d,http://gme.enroll.gme-plus.nrgpl.us/?product_id=g08814fc767b398d,md
FAILED,<module 'time' (built-in)>,ts_215,g60baa8b8f77e084,http://gme.enroll.gme-plus.nrgpl.us/?product_id=g60baa8b8f77e084,ma
FAILED,<module 'time' (built-in)>,ts_216,gb1531b7eeccc3b0,http://gme.enroll.gme-plus.nrgpl.us/?product_id=gb1531b7eeccc3b0,ma
FAILED,<module 'time' (built-in)>,ts_217,gcf5cca78ab18177,http://gme.enroll.gme-plus.nrgpl.us/?product_id=gcf5cca78ab18177,ma
FAILED,<module 'time' (built-in)>,ts_218,g3aceddb6123c21f,http://gme.enroll.gme-plus.nrgpl.us/?product_id=g3aceddb6123c21f,md
FAILED,<module 'time' (built-in)>,ts_241,g1e7ac87aadea386,http://gme.enroll.gme-plus.nrgpl.us/?product_id=g1e7ac87aadea386,ny
FAILED,<module 'time' (built-in)>,ts_242,g201d199281dea05,http://gme.enroll.gme-plus.nrgpl.us/?product_id=g201d199281dea05,ny
FAILED,<module 'time' (built-in)>,ts_243,g2e8f2b715ccfac7,http://gme.enroll.gme-plus.nrgpl.us/?product_id=g2e8f2b715ccfac7,ny
FAILED,<module 'time' (built-in)>,ts_244,g329bf77638fca60,http://gme.enroll.gme-plus.nrgpl.us/?product_id=g329bf77638fca60,ny
FAILED,<module 'time' (built-in)>,ts_245,g335a9647480b1a5,http://gme.enroll.gme-plus.nrgpl.us/?product_id=g335a9647480b1a5,ny
FAILED,<module 'time' (built-in)>,ts_246,g354fe7596fdd458,http://gme.enroll.gme-plus.nrgpl.us/?product_id=g354fe7596fdd458,ny
FAILED,<module 'time' (built-in)>,ts_247,g8557d0b669a214c,http://gme.enroll.gme-plus.nrgpl.us/?product_id=g8557d0b669a214c,ny
FAILED,<module 'time' (built-in)>,ts_248,g88071b958c8e93c,http://gme.enroll.gme-plus.nrgpl.us/?product_id=g88071b958c8e93c,ny
FAILED,<module 'time' (built-in)>,ts_249,g9029856dd411fd0,http://gme.enroll.gme-plus.nrgpl.us/?product_id=g9029856dd411fd0,ny
FAILED,<module 'time' (built-in)>,ts_250,gb2ca12a3bc59777,http://gme.enroll.gme-plus.nrgpl.us/?product_id=gb2ca12a3bc59777,ny
FAILED,<module 'time' (built-in)>,ts_251,gdb048c4b6d273e9,http://gme.enroll.gme-plus.nrgpl.us/?product_id=gdb048c4b6d273e9,ny
FAILED,<module 'time' (built-in)>,ts_23,g19d01daead9bb8e,http://gme.enroll.gme-plus.nrgpl.us/?product_id=g19d01daead9bb8e,pa
FAILED,<module 'time' (built-in)>,ts_29,g1e7ac87aadea386,http://gme.enroll.gme-plus.nrgpl.us/?product_id=g1e7ac87aadea386,ny
FAILED,<module 'time' (built-in)>,ts_97,g727337e4bc33c7b,http://gme.enroll.gme-plus.nrgpl.us/?product_id=g727337e4bc33c7b,md
FAILED,<module 'time' (built-in)>,ts_220,g91a4be5063e374e,http://gme.enroll.gme-plus.nrgpl.us/?product_id=g91a4be5063e374e,md
FAILED,<module 'time' (built-in)>,ts_97,g727337e4bc33c7b,http://gme.enroll.gme-plus.nrgpl.us/?product_id=g727337e4bc33c7b,md
FAILED,<module 'time' (built-in)>,ts_98,g727337e4bc33c7b,http://gme.enroll.gme-plus.nrgpl.us/?product_id=g727337e4bc33c7b,md
FAILED,<module 'time' (built-in)>,ts_165,gc027df45d7b86b9,http://gme.enroll.gme-plus.nrgpl.us/?product_id=gc027df45d7b86b9,md
FAILED,<module 'time' (built-in)>,ts_166,gc027df45d7b86b9,http://gme.enroll.gme-plus.nrgpl.us/?product_id=gc027df45d7b86b9,md
FAILED,<module 'time' (built-in)>,ts_219,g727337e4bc33c7b,http://gme.enroll.gme-plus.nrgpl.us/?product_id=g727337e4bc33c7b,md
FAILED,<module 'time' (built-in)>,ts_222,gc027df45d7b86b9,http://gme.enroll.gme-plus.nrgpl.us/?product_id=gc027df45d7b86b9,md
FAILED,<module 'time' (built-in)>,ts_97,g727337e4bc33c7b,http://gme.enroll.gme-plus.nrgpl.us/?product_id=g727337e4bc33c7b,md
FAILED,<module 'time' (built-in)>,ts_165,gc027df45d7b86b9,http://gme.enroll.gme-plus.nrgpl.us/?product_id=gc027df45d7b86b9,md
FAILED,<module 'time' (built-in)>,ts_219,g727337e4bc33c7b,http://gme.enroll.gme-plus.nrgpl.us/?product_id=g727337e4bc33c7b,md
FAILED,<module 'time' (built-in)>,ts_98,g727337e4bc33c7b,http://gme.enroll.gme-plus.nrgpl.us/?product_id=g727337e4bc33c7b,md
FAILED,<module 'time' (built-in)>,ts_166,gc027df45d7b86b9,http://gme.enroll.gme-plus.nrgpl.us/?product_id=gc027df45d7b86b9,md
FAILED,<module 'time' (built-in)>,ts_222,gc027df45d7b86b9,http://gme.enroll.gme-plus.nrgpl.us/?product_id=gc027df45d7b86b9,md
FAILED,<module 'time' (built-in)>,ts_6,g04806563c0ff681,http://gme.enroll.gme-plus.nrgpl.us/?product_id=g04806563c0ff681,md
FAILED,<module 'time' (built-in)>,ts_97,g727337e4bc33c7b,http://gme.enroll.gme-plus.nrgpl.us/?product_id=g727337e4bc33c7b,md
FAILED,<module 'time' (built-in)>,ts_98,g727337e4bc33c7b,http://gme.enroll.gme-plus.nrgpl.us/?product_id=g727337e4bc33c7b,md
FAILED,<module 'time' (built-in)>,ts_165,gc027df45d7b86b9,http://gme.enroll.gme-plus.nrgpl.us/?product_id=gc027df45d7b86b9,md
FAILED,<module 'time' (built-in)>,ts_166,gc027df45d7b86b9,http://gme.enroll.gme-plus.nrgpl.us/?product_id=gc027df45d7b86b9,md
FAILED,<module 'time' (built-in)>,ts_219,g727337e4bc33c7b,http://gme.enroll.gme-plus.nrgpl.us/?product_id=g727337e4bc33c7b,md
FAILED,<module 'time' (built-in)>,ts_222,gc027df45d7b86b9,http://gme.enroll.gme-plus.nrgpl.us/?product_id=gc027df45d7b86b9,md
FAILED,<module 'time' (built-in)>,ts_97,g727337e4bc33c7b,http://gme.enroll.gme-plus.nrgpl.us/?product_id=g727337e4bc33c7b,md
FAILED,<module 'time' (built-in)>,ts_165,gc027df45d7b86b9,http://gme.enroll.gme-plus.nrgpl.us/?product_id=gc027df45d7b86b9,md
FAILED,<module 'time' (built-in)>,ts_16,g132d13c46de7473,http://gme.enroll.gme-plus.nrgpl.us/?product_id=g132d13c46de7473,il
FAILED,<module 'time' (built-in)>,ts_98,g727337e4bc33c7b,http://gme.enroll.gme-plus.nrgpl.us/?product_id=g727337e4bc33c7b,md
FAILED,<module 'time' (built-in)>,ts_166,gc027df45d7b86b9,http://gme.enroll.gme-plus.nrgpl.us/?product_id=gc027df45d7b86b9,md
FAILED,<module 'time' (built-in)>,ts_219,g727337e4bc33c7b,http://gme.enroll.gme-plus.nrgpl.us/?product_id=g727337e4bc33c7b,md
FAILED,<module 'time' (built-in)>,ts_222,gc027df45d7b86b9,http://gme.enroll.gme-plus.nrgpl.us/?product_id=gc027df45d7b86b9,md
FAILED,<module 'time' (built-in)>,ts_219,g727337e4bc33c7b,http://gme.enroll.gme-plus.nrgpl.us/?product_id=g727337e4bc33c7b,md
FAILED,<module 'time' (built-in)>,ts_97,g727337e4bc33c7b,http://gme.enroll.gme-plus.nrgpl.us/?product_id=g727337e4bc33c7b,md
FAILED,<module 'time' (built-in)>,ts_98,g727337e4bc33c7b,http://gme.enroll.gme-plus.nrgpl.us/?product_id=g727337e4bc33c7b,md
FAILED,<module 'time' (built-in)>,ts_165,gc027df45d7b86b9,http://gme.enroll.gme-plus.nrgpl.us/?product_id=gc027df45d7b86b9,md
FAILED,<module 'time' (built-in)>,ts_166,gc027df45d7b86b9,http://gme.enroll.gme-plus.nrgpl.us/?product_id=gc027df45d7b86b9,md
FAILED,<module 'time' (built-in)>,ts_222,gc027df45d7b86b9,http://gme.enroll.gme-plus.nrgpl.us/?product_id=gc027df45d7b86b9,md
FAILED,<module 'time' (built-in)>,ts_282,g5fc801d5c1d8bb8,http://gme.enroll.gme-plus.nrgpl.us/?product_id=g5fc801d5c1d8bb8,pa
FAILED,<module 'time' (built-in)>,ts_214,g08814fc767b398d,http://gme.enroll.gme-plus.nrgpl.us/?product_id=g08814fc767b398d,md
FAILED,<module 'time' (built-in)>,ts_219,g727337e4bc33c7b,http://gme.enroll.gme-plus.nrgpl.us/?product_id=g727337e4bc33c7b,md
FAILED,<module 'time' (built-in)>,ts_222,gc027df45d7b86b9,http://gme.enroll.gme-plus.nrgpl.us/?product_id=gc027df45d7b86b9,md
FAILED,<module 'time' (built-in)>,ts_232,ge0e7c0a6970a2a0,http://gme.enroll.gme-plus.nrgpl.us/?product_id=ge0e7c0a6970a2a0,ma
FAILED,<module 'time' (built-in)>,ts_281,g38d9eeae98d8770,http://gme.enroll.gme-plus.nrgpl.us/?product_id=g38d9eeae98d8770,pa
FAILED,<module 'time' (built-in)>,ts_303,gcceb4391c50568a,http://gme.enroll.gme-plus.nrgpl.us/?product_id=gcceb4391c50568a,pa
FAILED,<module 'time' (built-in)>,ts_2,g43d874d277676ba,http://gme.enroll.gme-plus.nrgpl.us/?product_id=g43d874d277676ba,oh
FAILED,<module 'time' (built-in)>,ts_4,g46a0d85c736fb5c,http://gme.enroll.gme-plus.nrgpl.us/?product_id=g46a0d85c736fb5c,oh
FAILED,<module 'time' (built-in)>,ts_1,g43d874d277676ba,http://gme.enroll.gme-plus.nrgpl.us/?product_id=g43d874d277676ba,oh
FAILED,<module 'time' (built-in)>,ts_3,g43d874d277676ba,http://gme.enroll.gme-plus.nrgpl.us/?product_id=g43d874d277676ba,oh
FAILED,<module 'time' (built-in)>,ts_5,g478d0bc542072f4,http://gme.enroll.gme-plus.nrgpl.us/?product_id=g478d0bc542072f4,nj
FAILED,<module 'time' (built-in)>,ts_21,g964164056bba972,http://gme.enroll.gme-plus.nrgpl.us/?product_id=g964164056bba972,il
FAILED,<module 'time' (built-in)>,ts_21,g964164056bba972,http://gme.enroll.gme-plus.nrgpl.us/?product_id=g964164056bba972,il
FAILED,<module 'time' (built-in)>,ts_18,gcf5cca78ab18177,http://gme.enroll.gme-plus.nrgpl.us/?product_id=gcf5cca78ab18177,ma
FAILED,<module 'time' (built-in)>,ts_27,g402f79356122685,http://gme.enroll.gme-plus.nrgpl.us/?product_id=g402f79356122685,il
FAILED,<module 'time' (built-in)>,ts_9,g132d13c46de7473,http://gme.enroll.gme-plus.nrgpl.us/?product_id=g132d13c46de7473,il
FAILED,<module 'time' (built-in)>,ts_17,g1639eeb0379248e,http://gme.enroll.gme-plus.nrgpl.us/?product_id=g1639eeb0379248e,ma
FAILED,<module 'time' (built-in)>,ts_17,g1639eeb0379248e,http://gme.enroll.gme-plus.nrgpl.us/?product_id=g1639eeb0379248e,ma
FAILED,<module 'time' (built-in)>,ts_gme_web_swap_14,g294c4d46e3e5ba4,http://gme.enroll.gme-plus.nrgpl.us/?product_id=g294c4d46e3e5ba4,ny
FAILED,<module 'time' (built-in)>,ts_gme_web_swap_19,g891874c0ac898eb,http://gme.enroll.gme-plus.nrgpl.us/?product_id=g891874c0ac898eb,pa
FAILED,<module 'time' (built-in)>,ts_gme_web_swap_8,g1a131670769dc76,http://gme.enroll.gme-plus.nrgpl.us/?product_id=g1a131670769dc76,ny
FAILED,<module 'time' (built-in)>,ts_gme_web_swap_9,gb4a87bba4e210f0,http://gme.enroll.gme-plus.nrgpl.us/?product_id=gb4a87bba4e210f0,md
FAILED,<module 'time' (built-in)>,ts_gme_web_swap_16,g2901155079218d8,http://gme.enroll.gme-plus.nrgpl.us/?product_id=g2901155079218d8,ny
FAILED,<module 'time' (built-in)>,ts_gme_web_swap_20,g04806563c0ff681,http://gme.enroll.gme-plus.nrgpl.us/?product_id=g04806563c0ff681,md
FAILED,<module 'time' (built-in)>,ts_gme_web_swap_9,gb4a87bba4e210f0,http://gme.enroll.gme-plus.nrgpl.us/?product_id=gb4a87bba4e210f0,md
FAILED,<module 'time' (built-in)>,ts_gme_web_swap_14,g294c4d46e3e5ba4,http://gme.enroll.gme-plus.nrgpl.us/?product_id=g294c4d46e3e5ba4,ny
FAILED,<module 'time' (built-in)>,ts_gme_web_swap_16,g2901155079218d8,http://gme.enroll.gme-plus.nrgpl.us/?product_id=g2901155079218d8,ny
FAILED,<module 'time' (built-in)>,ts_gme_web_swap_19,g891874c0ac898eb,http://gme.enroll.gme-plus.nrgpl.us/?product_id=g891874c0ac898eb,pa
FAILED,<module 'time' (built-in)>,ts_gme_web_swap_20,g04806563c0ff681,http://gme.enroll.gme-plus.nrgpl.us/?product_id=g04806563c0ff681,md
FAILED,<module 'time' (built-in)>,ts_gme_web_swap_4,gc25b92975f0dc97,http://gme.enroll.gme-plus.nrgpl.us/?product_id=gc25b92975f0dc97,ma
FAILED,<module 'time' (built-in)>,ts_bounced_1,gcfa81d59d2205c5,http://gme.enroll.gme-plus.nrgpl.us/?product_id=gcfa81d59d2205c5,ma
FAILED,<module 'time' (built-in)>,ts_gme_web_swap_6_jeff,ge0e7c0a6970a2a0,http://gme.enroll.gme-plus.nrgpl.us/?product_id=ge0e7c0a6970a2a0,ma
FAILED,<module 'time' (built-in)>,ts_97,g402f79356122685,http://gme.enroll.gme-plus.nrgpl.us/?product_id=g402f79356122685,il
FAILED,<module 'time' (built-in)>,ts_121,g5fc801d5c1d8bb8,http://gme.enroll.gme-plus.nrgpl.us/?product_id=g5fc801d5c1d8bb8,pa
FAILED,<module 'time' (built-in)>,ts_24,g132d13c46de7473,http://gme.enroll.gme-plus.nrgpl.us/?product_id=g132d13c46de7473,il
FAILED,<module 'time' (built-in)>,ts_3_swap,gcfa81d59d2205c5,http://gme.enroll.gme-plus.nrgpl.us/?product_id=gcfa81d59d2205c5,ma
FAILED,<module 'time' (built-in)>,ts_1,g00164a75659d6e5,http://gme.enroll.gme-plus.nrgpl.us/?product_id=g00164a75659d6e5,ma
FAILED,<module 'time' (built-in)>,ts_2_swap,g00164a75659d6e5,http://gme.enroll.gme-plus.nrgpl.us/?product_id=g00164a75659d6e5,ma
FAILED,<module 'time' (built-in)>,ts_293,g721ecc760701c90,http://gme.enroll.gme-plus.nrgpl.us/?product_id=g721ecc760701c90,pa
FAILED,<module 'time' (built-in)>,ts_1,g00164a75659d6e5,http://gme.enroll.gme-plus.nrgpl.us/?product_id=g00164a75659d6e5,ma
